CustomerID,FirstName,LastName,Street,City,State,ZipCode,Telephone
1000001,Benjamin,Miell,383 Rieder Trail,White Plains,New York,90045,914-818-8676
1000002,Randell,Le Fleming,63407 Forster Point,Austin,Texas,70199,361-955-0953
1000003,Panchito,Shephard,461 Sunfield Parkway,Lubbock,Texas,92118,806-959-9130
1000004,Samson,Whitelaw,9258 Pine View Plaza,Boise,Idaho,58341,208-241-0237
1000005,Cirstoforo,Rowbotham,69259 Springview Terrace,Pensacola,Florida,40853,850-471-3164
1000006,Sela,Simkin,85514 Muir Circle,Birmingham,Alabama,91938,205-534-5154
1000007,Glynda,Kyles,3964 Mariners Cove Lane,Atlanta,Georgia,84607,404-695-0041
1000008,Thibaut,Mozzi,578 Corscot Drive,Dallas,Texas,44636,972-746-6722
1000009,Rollo,Yukhin,72 La Follette Road,Fort Collins,Colorado,50548,970-338-3014
1000010,Leonanie,Whitlam,0858 Montana Drive,Saint Paul,Minnesota,96163,651-866-8679
1000011,Aguistin,Ellicott,106 Manufacturers Drive,Bridgeport,Connecticut,96690,203-992-9692
1000012,Ingemar,Gaynesford,209 3rd Alley,Louisville,Kentucky,47353,502-306-3522
1000013,Daphna,Towner,10453 Crownhardt Center,Portland,Oregon,47304,971-129-3330
1000014,Brande,Heathcoat,51 Monument Court,Fullerton,California,41004,559-767-3988
1000015,Jordanna,Brannigan,72978 Glendale Way,Toledo,Ohio,77480,419-583-5863
1000016,Carlye,Glasser,13933 Charing Cross Circle,Oklahoma City,Oklahoma,83761,405-498-4953
1000017,Leanora,Jeannenet,314 Caliangt Avenue,Woburn,Massachusetts,40863,339-956-4834
1000018,Cordy,Brammall,621 International Avenue,Brooklyn,New York,31473,718-713-4226
1000019,Rutherford,Saby,8242 Eastwood Lane,Los Angeles,California,74282,213-129-0235
1000020,Markus,,195 Beilfuss Street,Las Vegas,Nevada,47700,702-829-9359
1000021,Noble,Mackinder,864 Sugar Plaza,Cincinnati,Ohio,96994,513-584-4798
1000022,Jordanna,Tebbitt,983 Sherman Way,San Diego,California,35294,619-438-3785
1000023,Kylie,Willimont,730 Lien Pass,Salt Lake City,Utah,28948,801-941-9538
1000024,Elmore,Berdale,281 Fieldstone Pass,Dayton,Ohio,95753,937-992-1580
1000025,Bettye,Carnelley,146 Emmet Avenue,Portland,Oregon,63152,503-124-2216
1000026,Aguistin,Cushelly,7741 Ryan Crossing,Boston,Massachusetts,77672,318-560-8512
1000027,Demetrius,Cosh,6731 Dakota Street,Harrisburg,Pennsylvania,44491,717-838-4421
1000028,Coletta,Georgeon,683 Pearson Trail,Trenton,New Jersey,75235,609-811-2329
1000029,Wait,Bison,17 Petterle Lane,,Michigan,43242,810-548-2005
1000030,Fairleigh,Blowfield,68 Namekagon Road,Scottsdale,Arizona,64663,623-120-0743
1000031,Mart,Pickthorne,22615 Tony Drive,Morgantown,West Virginia,26912,304-156-9803
1000032,Nadine,Pettegree,15 Nevada Alley,San Jose,California,97416,408-433-8817
1000033,Gavin,Faiers,89218 Amoth Trail,Miami,Florida,79637,954-593-7118
1000034,Niall,Beak,81 Morningstar Circle,Richmond,California,90470,510-444-0441
1000035,Dorolice,Zanioletti,210 Elka Hill,Fort Myers,Florida,86218,239-566-5287
1000036,Rodolfo,Melmeth,8908 8th Alley,Alexandria,Louisiana,54566,318-210-1118
1000037,Romeo,Gatfield,8909 Dwight Parkway,Newark,New Jersey,80744,862-336-5085
1000038,Lalo,Spear,506 Summit Crossing,Sacramento,California,63420,916-505-9335
1000039,Nevin,Hanford,3872 Division Alley,Oklahoma City,Oklahoma,42679,405-241-9417
1000040,Marris,Peartree,201 Burrows Drive,Mobile,Alabama,94330,251-505-0895
1000041,Jermain,McCuffie,595 Talisman Center,Charlottesville,Virginia,53644,540-178-9169
1000042,Harriott,Elflain,7877 Mifflin Court,Waco,Texas,75042,254-841-0120
1000043,Arabel,Affleck,258 Lakewood Gardens Junction,Rochester,New York,37997,585-732-5556
1000044,Allen,Perring,23222 Di Loreto Lane,San Antonio,Texas,22649,210-900-5173
1000045,Carree,Skillen,924 Mcbride Lane,Atlanta,Georgia,17538,404-435-6395
1000046,Valentine,Bottomer,87 Di Loreto Parkway,Rochester,New York,77000,585-823-1912
1000047,Nellie,Kunc,173 Cottonwood Place,Hartford,Connecticut,24422,203-673-6837
1000048,Bradan,Breakwell,74034 Ramsey Trail,Colorado Springs,Colorado,76858,719-339-8021
1000049,Dianna,Klimkowski,92324 Rutledge Road,,Kansas,94925,816-847-8306
1000050,Thorpe,Dommersen,757 Linden Parkway,Lansing,Michigan,85194,517-800-4646
1000051,Batholomew,Tatem,48 Mosinee Way,San Jose,California,44059,408-462-2524
1000052,Hinda,Carrivick,31 Ridgeview Lane,White Plains,New York,83299,845-966-9907
1000053,Katleen,Hainning,2143 Bayside Park,Florence,South Carolina,20383,843-660-5322
1000054,Oby,Cordall,786 Pepper Wood Drive,Corpus Christi,Texas,25886,361-153-5999
1000055,Hilarius,Widdowes,167 Mendota Park,Dallas,Texas,13873,214-900-9797
1000056,Isis,Saterthwait,2239 Hollow Ridge Street,San Jose,California,14235,408-995-4514
1000057,Alethea,Vernazza,67 Anzinger Park,Dallas,Texas,72846,469-604-6924
1000058,Jodi,Paylor,87523 Shasta Plaza,College Station,Texas,61085,979-517-0178
1000059,Julieta,Aguirrezabal,6 Darwin Way,Fort Worth,Texas,81067,682-373-2766
1000060,Conroy,Caush,3320 Ramsey Center,Rochester,New York,65915,585-661-8256
1000061,Allianora,Ownsworth,2 Butternut Avenue,Roanoke,Virginia,11055,540-661-5565
1000062,Ronica,Dragge,62192 Merchant Terrace,Columbus,Ohio,96650,614-257-5168
1000063,Alanna,O'Fihily,75 Forest Run Place,Pensacola,Florida,69674,850-599-0573
1000064,Ivie,Sallery,103 Hanson Plaza,Corpus Christi,Texas,27465,361-660-1919
1000065,Briant,Cassell,28 Arkansas Drive,Jefferson City,Missouri,52166,573-488-0195
1000066,Chip,Abramow,60882 Vidon Plaza,Scranton,Pennsylvania,73137,570-150-7175
1000067,Angil,Twigger,305 Kennedy Road,Corpus Christi,Texas,32811,361-627-2163
1000068,Margaretha,Guittet,5283 Westerfield Lane,Melbourne,Florida,78695,321-227-4169
1000069,Marcela,Jaffa,1086 Mockingbird Road,East Saint Louis,Illinois,46120,618-219-5672
1000070,Miles,Smalley,486 Brickson Park Avenue,Fort Wayne,Indiana,30389,260-423-3096
1000071,Denyse,,4573 Westend Way,New York City,New York,90926,646-590-1113
1000072,Kandace,Trazzi,9799 Springs Alley,San Angelo,Texas,35196,325-764-1118
1000073,Kate,McAdam,1654 Graceland Alley,Louisville,Kentucky,71012,502-852-2438
1000074,Waldon,Benoit,456 Buhler Road,Tampa,Florida,64723,813-670-9566
1000075,Amabelle,Gladeche,43408 Sunfield Court,Los Angeles,California,26849,213-138-4175
1000076,Kean,Manders,9011 Sundown Pass,Colorado Springs,Colorado,23128,719-897-7168
1000077,Emlynne,Mathwin,733 American Parkway,Winston Salem,North Carolina,31203,336-439-3378
1000078,Odille,Merrifield,76127 Kedzie Drive,Provo,Utah,59201,801-215-5637
1000079,Darby,Saxelby,987 Melvin Park,Chicago,Illinois,66824,312-903-0433
1000080,Selia,Sidden,4788 Karstens Trail,Carson City,Nevada,41880,775-627-8132
1000081,Kent,Romanelli,42 Quincy Junction,Eugene,Oregon,59355,541-167-8743
1000082,Hilly,Faill,6012 Crest Line Way,Houston,Texas,19305,713-870-4138
1000083,Feliza,Lamar,3 Randy Place,Cambridge,Massachusetts,84026,617-378-8062
1000084,Seka,Scurman,4362 Ramsey Trail,Pasadena,California,16323,626-238-6867
1000085,Flss,Pammenter,4 Brown Way,New York City,New York,41767,347-948-3815
1000086,Edie,Fere,939 Transport Circle,Detroit,Michigan,42925,586-475-5140
1000087,Mollie,Gosson,1089 Lien Way,Dayton,Ohio,83716,937-693-8011
1000088,Priscilla,Julien,74149 Summer Ridge Lane,Virginia Beach,Virginia,44877,757-970-7955
1000089,Salvidor,Annesley,949 Lakewood Gardens Terrace,New York City,New York,81691,646-732-5948
1000090,Che,Gammet,5786 Lakewood Gardens Plaza,Knoxville,Tennessee,66055,865-351-0936
1000091,Mackenzie,MacPike,6956 6th Circle,Bonita Springs,Florida,48771,941-897-6736
1000092,Kati,Rickerby,8500 Huxley Place,Tulsa,Oklahoma,29185,918-542-9848
1000093,Christalle,Playdon,69002 Kedzie Place,Spokane,Washington,64923,509-379-4056
1000094,Ody,Rosoman,5090 4th Place,Baton Rouge,Louisiana,98460,225-148-1991
1000095,Gusti,Balharry,7400 Crescent Oaks Junction,Aiken,South Carolina,50013,803-347-2327
1000096,Dickie,Joyner,58 Upham Way,Sacramento,California,96398,916-966-0094
1000097,Lion,Sanz,49338 7th Hill,Charlotte,North Carolina,73214,704-173-9511
1000098,Orlando,Longman,5348 Brickson Park Pass,Olympia,Washington,33393,360-419-6593
1000099,Glenn,Money,307 Manitowish Hill,Albany,Georgia,74322,229-617-7798
1000100,Daveta,McCumskay,162 Schlimgen Court,Fort Lauderdale,Florida,82589,754-932-5979
1000101,Carlene,Goldsbrough,66 Vahlen Pass,Saint Louis,Missouri,25161,314-950-9325
1000102,Otha,O'Cahey,83497 Banding Street,El Paso,Texas,41434,915-679-3095
1000103,Kingsly,Ridoutt,1 Macpherson Point,Atlanta,Georgia,40306,770-920-1928
1000104,Raquel,,5860 Dawn Way,Washington,District of Columbia,28117,202-143-1447
1000105,Kristel,Giovanardi,807 1st Road,Albuquerque,New Mexico,93273,505-928-7460
1000106,Sascha,Peers,53 Anthes Road,New York City,New York,40442,646-311-7345
1000107,Norrie,Joly,164 Blaine Pass,Colorado Springs,Colorado,97892,719-109-8323
1000108,Demetri,Drane,2128 Rutledge Crossing,Saint Louis,Missouri,78715,314-968-2667
1000109,Courtney,Bream,98500 Bluejay Lane,Boise,Idaho,54261,208-567-8401
1000110,Darrelle,Wakley,8972 Schmedeman Trail,San Francisco,California,28362,415-149-1426
1000111,Davey,Ochterlonie,44314 Hintze Plaza,Mountain View,California,14873,650-601-4858
1000112,Rustin,Ferriman,29542 Village Green Point,Los Angeles,California,67315,213-852-8920
1000113,Ronni,Kennally,465 Manley Plaza,Washington,District of Columbia,17054,202-572-2082
1000114,Petey,Pickerin,56 Drewry Avenue,Saint Augustine,Florida,84183,904-629-8266
1000115,Darin,Zorzutti,54269 Columbus Street,Austin,Texas,64358,512-357-4179
1000116,Frederik,Tomaszek,55 Acker Junction,Pittsburgh,Pennsylvania,46178,724-875-6747
1000117,Lorraine,Colvine,6129 Green Ridge Pass,Washington,District of Columbia,63751,202-682-0535
1000118,Modestia,Nolan,4306 Pierstorff Circle,Jamaica,New York,26303,718-934-3341
1000119,Base,Brellin,4 Kinsman Court,Atlanta,Georgia,37509,404-997-4982
1000120,Janey,Burleigh,6666 Utah Alley,Columbus,Ohio,46908,614-368-9598
1000121,Hollyanne,Culham,64723 Fallview Point,Salt Lake City,Utah,68116,801-416-2506
1000122,Dolorita,Lantaff,100 Ohio Junction,Stockton,California,98838,209-527-0414
1000123,Charley,Dible,868 Waywood Terrace,Huntington,West Virginia,69917,304-740-1903
1000124,Zora,Bonnin,391 Fisk Circle,Maple Plain,Minnesota,58317,952-833-5512
1000125,Lorri,Buttfield,9 Bluestem Hill,Columbia,South Carolina,38336,803-553-3248
1000126,Katha,Lambert-Ciorwyn,2 Merchant Terrace,Reno,Nevada,36303,775-836-5874
1000127,Trenton,Crowley,75009 Harper Place,Louisville,Kentucky,67196,502-598-7991
1000128,Colver,Korf,4550 Cottonwood Center,Lincoln,Nebraska,57278,402-191-7716
1000129,Carolus,Lamping,50398 Pond Road,Birmingham,Alabama,10054,205-238-8018
1000130,Gayleen,Pearch,18 Utah Park,Grand Rapids,Michigan,50816,616-288-1594
1000131,Dalton,Simcock,62 Rockefeller Street,Minneapolis,Minnesota,62305,612-742-6565
1000132,Archibaldo,Wilse,44 American Ash Street,Saginaw,Michigan,61837,989-551-5473
1000133,Maure,Lanchberry,98906 Onsgard Center,Salt Lake City,Utah,58085,801-595-7882
1000134,Roxana,Cobello,19 Holy Cross Drive,Santa Barbara,California,24841,805-870-8070
1000135,Dasi,Hinchcliffe,883 Westridge Way,,Georgia,85276,912-635-2771
1000136,Jaye,Paolinelli,475 Chive Road,Minneapolis,Minnesota,45463,763-364-0116
1000137,Dorree,Bulley,8 Eagle Crest Trail,Washington,District of Columbia,80974,202-161-9288
1000138,Maxy,Westhead,3622 Scott Center,Philadelphia,Pennsylvania,88543,215-945-6483
1000139,Konstance,Izatt,69 Carpenter Parkway,Indianapolis,Indiana,77576,317-905-8388
1000140,Vinita,Huggen,99908 Comanche Terrace,El Paso,Texas,87135,915-735-8305
1000141,Antin,Birtchnell,513 Crownhardt Way,Syracuse,New York,37845,315-127-2104
1000142,Marabel,Goulston,2444 Eggendart Street,Kansas City,Missouri,97259,816-879-4579
1000143,Poul,Lorrie,6988 Anzinger Circle,Memphis,Tennessee,64200,901-904-9960
1000144,Tiler,Stelfax,83539 Buena Vista Way,Fayetteville,North Carolina,51866,910-318-6003
1000145,Mildred,de Mullett,82017 Warbler Trail,Trenton,New Jersey,40049,609-391-1427
1000146,Howard,Nodin,754 Redwing Park,Durham,North Carolina,59554,919-935-1499
1000147,Dewitt,Menat,26235 Waubesa Pass,Abilene,Texas,19833,325-325-8511
1000148,Devon,Littefair,18805 Service Park,Boise,Idaho,64141,208-280-7133
1000149,Wally,Shitliff,85833 Heffernan Road,Newark,New Jersey,60048,201-452-5105
1000150,Selie,Boanas,43 Grayhawk Crossing,Seattle,Washington,12075,425-425-2211
1000151,Coop,Darrigone,42974 Macpherson Plaza,El Paso,Texas,46013,915-210-3268
1000152,Artur,Brookfield,681 Farragut Street,Miami,Florida,21214,786-136-2750
1000153,Pearle,Ritmeyer,5 Oak Park,Jamaica,New York,58900,212-377-9675
1000154,Ardelis,Buxey,762 Pennsylvania Parkway,Las Vegas,Nevada,23613,702-262-5064
1000155,Yettie,Squier,85645 Commercial Alley,Beaufort,South Carolina,39146,843-843-4645
1000156,Augustina,McSharry,70055 Grover Park,Colorado Springs,Colorado,11839,719-833-9030
1000157,Gib,Lorrie,909 Schmedeman Center,Reading,Pennsylvania,11993,610-792-7172
1000158,Madelyn,Secombe,375 Golden Leaf Pass,Dallas,Texas,58691,214-676-4257
1000159,Fitzgerald,Abrahim,6 Fordem Center,Orange,California,99111,714-115-5579
1000160,Ellswerth,Emberton,9791 Mcguire Center,Brooksville,Florida,13987,352-466-7788
1000161,Lexis,Wedmore,24009 Green Road,Huntsville,Alabama,29913,256-914-2019
1000162,Daron,Faustian,574 Spenser Plaza,Kansas City,Missouri,39015,816-403-6169
1000163,Julio,Raimbauld,569 Portage Park,Pasadena,California,67580,818-370-2836
1000164,Kalil,Giacopazzi,188 Eastlawn Trail,Salt Lake City,Utah,69034,801-856-6863
1000165,Randie,Mattaser,416 Cody Circle,Houston,Texas,18740,832-816-7173
1000166,Milicent,Abys,160 Meadow Valley Pass,Huntington,West Virginia,10467,304-503-2005
1000167,Ede,Whettleton,10446 Mockingbird Trail,Sacramento,California,79333,916-851-6523
1000168,Blondy,Arnaldy,74249 Blaine Way,Frederick,Maryland,79038,240-950-4829
1000169,Beitris,Hamblington,6300 Scofield Street,Worcester,Massachusetts,78210,508-240-1862
1000170,Lurette,Delort,6805 Pearson Hill,El Paso,Texas,65175,915-796-3728
1000171,Vanya,Cranage,54 Dapin Plaza,Miami,Florida,84973,305-114-8350
1000172,Garey,Filipovic,1292 Becker Center,Washington,District of Columbia,67378,202-379-8905
1000173,Johna,Michelmore,4085 Larry Parkway,Dallas,Texas,38379,972-998-4181
1000174,Adriane,Wigmore,45611 Donald Place,Modesto,California,59835,209-668-3454
1000175,Lynnell,Barrows,72 Thompson Trail,Santa Clara,California,67081,949-454-4597
1000176,Carmon,Fardell,2 Garrison Terrace,Austin,Texas,52143,512-411-9484
1000177,Karlen,Peet,655 Cambridge Crossing,Vienna,Virginia,16547,571-245-3425
1000178,Joana,Pudding,9807 Veith Crossing,El Paso,Texas,17765,915-418-8785
1000179,Harriot,Bosence,7 Kensington Parkway,Honolulu,Hawaii,47173,808-230-1395
1000180,Jammie,Skae,6848 Dwight Plaza,,Kentucky,20553,859-253-8211
1000181,Monica,Fritz,50413 Dawn Way,Eugene,Oregon,24007,541-573-6454
1000182,Ara,Behninck,234 Dawn Point,Amarillo,Texas,54102,806-312-3047
1000183,Giuseppe,Soff,979 Merry Trail,,Florida,44781,352-881-0238
1000184,Sammy,Dupree,85091 Russell Lane,Kissimmee,Florida,83984,407-948-2990
1000185,Nikolaus,Gladwell,408 Arizona Park,Chattanooga,Tennessee,40463,423-504-5300
1000186,Karly,Schwartz,6456 Canary Lane,Omaha,Nebraska,19938,402-484-5302
1000187,Dian,Pizzie,4768 Express Pass,Dallas,Texas,43795,214-535-6247
1000188,Ursola,Petrashov,54 Superior Plaza,Charlotte,North Carolina,94591,704-956-2337
1000189,Timothea,Le Noir,53 Tennyson Avenue,Salt Lake City,Utah,97205,801-948-2663
1000190,Odette,Arnal,1101 Karstens Street,Mobile,Alabama,44595,251-753-9694
1000191,Wilhelmina,O'Dea,7 Village Court,New York City,New York,94607,212-492-9374
1000192,Katrine,Soonhouse,675 Loeprich Way,Boston,Massachusetts,57534,617-411-8286
1000193,Fax,Luckman,37970 Corben Plaza,Fort Worth,Texas,33981,817-426-4089
1000194,Shoshana,,750 Schiller Crossing,Bronx,New York,58764,718-781-4732
1000195,Romonda,Ovendon,843 Autumn Leaf Pass,Erie,Pennsylvania,57677,814-651-3148
1000196,Shalna,Pepperell,3821 Upham Alley,Redwood City,California,89726,650-348-8818
1000197,Benjamin,Colcutt,1923 Gerald Place,Madison,Wisconsin,57174,608-428-6596
1000198,Lynn,Annable,9164 Sheridan Pass,Akron,Ohio,64546,330-253-3386
1000199,Catlee,Rubinsohn,67326 Clove Lane,Charlotte,North Carolina,54736,704-873-3256
1000200,Binky,Lauxmann,68402 Superior Circle,Muncie,Indiana,65693,765-296-2496
1000201,Delmore,Simoes,3 Dixon Parkway,Boston,Massachusetts,74941,617-800-4076
1000202,Maisie,Keppin,83 Eagan Alley,Albuquerque,New Mexico,62334,505-740-4348
1000203,Lynde,Wellings,1 Westerfield Way,San Antonio,Texas,89609,210-784-8014
1000204,Irene,Pearse,74532 Warbler Terrace,Indianapolis,Indiana,63181,317-961-5541
1000205,Albie,Berthod,30 Fisk Road,Buffalo,New York,82778,716-416-0090
1000206,Clarette,Lorain,7979 Lighthouse Bay Parkway,Washington,District of Columbia,77767,202-195-1224
1000207,Kerwin,Soall,207 Grover Junction,Metairie,Louisiana,86447,504-408-4250
1000208,Sheryl,Ilyinykh,950 Packers Avenue,Las Vegas,Nevada,45482,702-945-1608
1000209,Yule,Zaniolini,783 Buell Center,Young America,Minnesota,68911,952-796-8625
1000210,Haslett,Whoolehan,47 Maple Wood Drive,Duluth,Minnesota,27125,218-166-0204
1000211,Brenn,Callis,1655 Delaware Way,Arlington,Texas,62803,817-514-9274
1000212,Thaine,Bigmore,6325 Crescent Oaks Terrace,Houston,Texas,32937,713-689-2152
1000213,Kimble,Piens,9 Clove Road,Detroit,Michigan,53457,313-828-8224
1000214,Muire,MacGeaney,88546 Ridgeway Alley,Albuquerque,New Mexico,94258,505-929-0058
1000215,Caty,Lewington,58132 Arrowood Point,New York City,New York,34765,646-380-0095
1000216,Lindi,Trayhorn,8197 Dennis Crossing,Charlotte,North Carolina,32760,704-734-2116
1000217,Debera,Ackroyd,6 Sloan Point,Charlotte,North Carolina,89784,704-854-8191
1000218,Berny,Caghy,9621 2nd Street,Littleton,Colorado,46089,303-550-0990
1000219,Elfie,Donnell,408 Farragut Street,Washington,District of Columbia,65679,202-699-0525
1000220,Rossie,Leacock,61 Stang Road,Vancouver,Washington,16369,360-720-1589
1000221,Monty,Sirmon,3 Bashford Pass,Salt Lake City,Utah,59795,801-286-1265
1000222,Hill,,16930 Hoard Court,Garland,Texas,67051,469-287-0618
1000223,Fancie,Lafflin,58986 Londonderry Plaza,Garland,Texas,83722,972-428-5177
1000224,Essie,Martinetto,23 Elmside Parkway,,Texas,95712,512-479-4598
1000225,Malvina,Saberton,49 Donald Junction,Hartford,Connecticut,61627,860-936-2970
1000226,Shelden,Shore,8 Warner Park,Louisville,Kentucky,96640,502-988-1497
1000227,Purcell,Pender,932 Hoffman Crossing,Hayward,California,72552,510-736-9649
1000228,Shelby,Wallwork,871 Mariners Cove Way,Mc Keesport,Pennsylvania,96628,412-482-2192
1000229,Timmie,Shillabear,1750 Hazelcrest Place,Richmond,Virginia,13453,804-510-5157
1000230,Sullivan,Badgers,15188 Cody Drive,Lafayette,Indiana,57409,765-109-3368
1000231,Constancy,Shere,3031 Acker Center,Little Rock,Arkansas,85048,501-215-3548
1000232,Shirl,Philcock,50 Havey Pass,Vancouver,Washington,28457,360-863-7375
1000233,Jacinda,Breming,6428 Esch Way,San Jose,California,82569,650-500-1892
1000234,Lydie,Vivyan,335 Wayridge Parkway,Phoenix,Arizona,96077,602-654-2537
1000235,Etta,Janas,98 Homewood Park,Fargo,North Dakota,73936,701-695-8408
1000236,Shaine,Flode,2370 Menomonie Trail,Round Rock,Texas,46303,512-666-2786
1000237,Violet,Snookes,402 Westerfield Court,Canton,Ohio,45751,330-836-7899
1000238,Ange,Farn,464 Buell Circle,Indianapolis,Indiana,93480,317-160-6114
1000239,Shaun,Fortnon,74856 Dryden Plaza,Phoenix,Arizona,89241,623-977-8974
1000240,Arnaldo,Mabon,589 Roxbury Center,New York City,New York,49008,212-250-5780
1000241,Ardra,Levensky,214 Dottie Drive,Colorado Springs,Colorado,71407,719-914-8884
1000242,Ingaborg,MacNeice,84 Sheridan Crossing,Topeka,Kansas,92105,785-506-4014
1000243,Theodoric,Jamot,710 Brickson Park Park,Long Beach,California,41139,562-449-0302
1000244,Benji,Pauel,381 Del Sol Court,Las Vegas,Nevada,56700,702-128-0249
1000245,Adams,Wiburn,652 Daystar Avenue,Cincinnati,Ohio,82477,513-278-5953
1000246,Tiffi,Ephson,585 Emmet Court,Houston,Texas,48146,713-303-2104
1000247,Brooks,Zuanelli,36983 Gerald Terrace,Peoria,Illinois,38708,309-497-4808
1000248,Howey,Austin,99 Kinsman Avenue,Charlotte,North Carolina,59546,704-921-3698
1000249,Kiri,Frays,91381 Northridge Crossing,Chicago,Illinois,69372,773-277-6011
1000250,Charmian,Ferry,46573 Sachtjen Road,Baltimore,Maryland,25614,410-314-8228
1000251,Janeta,Halksworth,80 Emmet Drive,Harrisburg,Pennsylvania,77146,717-645-8376
1000252,Garvy,Fitzroy,9411 Kedzie Alley,Amarillo,Texas,39543,806-455-3553
1000253,Olwen,Moncrefe,48212 Doe Crossing Plaza,Salt Lake City,Utah,67779,801-517-1270
1000254,Bryana,Thomazet,2 Dennis Terrace,Trenton,New Jersey,19761,609-745-4731
1000255,Ursula,Kubiczek,59 Sage Parkway,Louisville,Kentucky,29786,502-492-5932
1000256,Florence,Pudney,30472 Orin Trail,Cincinnati,Ohio,90007,513-514-0684
1000257,Bealle,Greenman,663 Hermina Crossing,Winston Salem,North Carolina,17012,336-761-1453
1000258,Merle,Bearcock,878 Cordelia Park,Kansas City,Missouri,33371,816-575-9490
1000259,Bailey,Siebart,55302 Reinke Junction,Bakersfield,California,35241,661-386-0992
1000260,Zorine,Sedgmond,479 Brickson Park Park,Harrisburg,Pennsylvania,66912,717-220-3558
1000261,Jeno,Gorton,5 Linden Terrace,Van Nuys,California,69140,818-710-3944
1000262,Haleigh,Klug,1275 Clemons Terrace,Wichita Falls,Texas,50332,940-655-1664
1000263,Cherie,Wollard,8105 Forest Run Terrace,Daytona Beach,Florida,39225,386-442-9751
1000264,Sacha,McBoyle,980 Weeping Birch Drive,Minneapolis,Minnesota,79394,651-181-6717
1000265,Nola,Lemin,6845 Golf Avenue,Fredericksburg,Virginia,48523,540-593-8140
1000266,Brinn,Purdy,714 Logan Terrace,Pueblo,Colorado,51261,719-551-3257
1000267,Dylan,Ducker,34 Armistice Way,Tucson,Arizona,70656,520-311-8579
1000268,Rabi,McRill,351 Golden Leaf Junction,Kansas City,Missouri,37542,816-922-9926
1000269,Maryanne,,102 Sunfield Hill,Jersey City,New Jersey,61551,551-365-0498
1000270,Delmore,Eliet,72001 Clarendon Parkway,San Francisco,California,14751,415-994-4581
1000271,Livy,Skellern,608 Nancy Trail,Memphis,Tennessee,77445,901-362-4941
1000272,Melva,Bubeer,708 Sugar Pass,Young America,Minnesota,63413,952-863-4069
1000273,Bess,Gutteridge,53 Carpenter Place,Decatur,Georgia,67103,770-341-2689
1000274,Fred,Rielly,74755 Heffernan Alley,Fort Wayne,Indiana,70108,260-723-5485
1000275,Loren,Thorndale,238 Banding Hill,Seattle,Washington,43486,253-666-0253
1000276,Harmonie,Jennison,7726 Lunder Park,Maple Plain,Minnesota,16429,763-453-6672
1000277,Giacinta,Cadogan,962 Declaration Point,Humble,Texas,40854,713-275-0019
1000278,Lari,Tivenan,180 Meadow Ridge Terrace,Miami,Florida,91339,305-821-6654
1000279,Katrinka,Woodruff,91 High Crossing Center,Bozeman,Montana,75910,406-200-0842
1000280,Broddie,Langworthy,46 Sugar Lane,Reading,Pennsylvania,75813,484-487-9057
1000281,Ogdan,Brinkler,2851 Texas Center,Richmond,Virginia,96585,804-958-1298
1000282,Asa,Itzchaky,4479 Upham Road,Denver,Colorado,58057,303-629-1296
1000283,Wilburt,Vautre,75384 Glendale Park,San Jose,California,41912,408-373-2122
1000284,Allis,Antic,42309 Emmet Place,Houston,Texas,22431,281-242-5607
1000285,Reagen,Hannum,40 Anniversary Center,Peoria,Illinois,34874,309-307-3825
1000286,Rosella,Carnihan,083 High Crossing Point,Cleveland,Ohio,86332,216-887-8746
1000287,Ceciley,Haylands,8 Mitchell Alley,Orlando,Florida,49726,407-682-7740
1000288,Yankee,Uttridge,4 Schiller Center,Lubbock,Texas,44113,806-711-4099
1000289,Fleur,Lovitt,47 Elmside Terrace,Sacramento,California,45762,530-795-9910
1000290,Clemmy,Browett,6 Ludington Hill,Akron,Ohio,47013,330-297-0379
1000291,Tally,Cawte,4 Dakota Parkway,Lancaster,Pennsylvania,26092,717-630-6289
1000292,Giacobo,Precious,27435 Hoard Place,Savannah,Georgia,40238,912-156-5242
1000293,Ignazio,Trusdale,4395 Chinook Plaza,El Paso,Texas,25364,915-327-3166
1000294,Britteny,Padillo,479 3rd Center,Miami,Florida,85921,305-137-4348
1000295,Morrie,Jutson,873 American Hill,Phoenix,Arizona,36864,602-295-5641
1000296,Francisca,Ward,142 Dottie Avenue,Albany,New York,31030,518-977-9802
1000297,Tersina,Parnall,278 Pepper Wood Alley,Albuquerque,New Mexico,62670,505-826-5676
1000298,Thomasine,Jahan,60 Crest Line Alley,Memphis,Tennessee,38237,901-702-4889
1000299,Barbara,Gregon,36846 Prairieview Point,Ridgely,Maryland,30123,410-627-8302
1000300,Meghan,Reston,5 Fuller Hill,Detroit,Michigan,34915,313-202-0736
1000301,Farrah,Rapo,8898 Heffernan Way,Young America,Minnesota,46285,952-615-4222
1000302,Kacey,Hylden,250 Porter Alley,Tuscaloosa,Alabama,41332,205-226-5042
1000303,Powell,Bartalot,39408 Saint Paul Point,Albuquerque,New Mexico,49453,505-699-4638
1000304,Dwayne,Godsafe,41 Harbort Street,Arlington,Virginia,10042,571-185-1924
1000305,Amy,Denisyuk,776 Packers Plaza,Des Moines,Iowa,32390,515-510-9731
1000306,Ursuline,Logsdail,61660 Del Sol Avenue,Sandy,Utah,99617,801-134-3649
1000307,Wyn,Mougel,2189 Ridgeview Court,Dallas,Texas,73348,214-842-7547
1000308,Meriel,Bartoshevich,36669 Spenser Circle,Spokane,Washington,68815,509-793-8621
1000309,Lucias,Speke,58687 Di Loreto Court,Washington,District of Columbia,77237,202-436-9710
1000310,Odelle,Duchesne,8 High Crossing Drive,Youngstown,Ohio,68920,330-249-2209
1000311,Evelin,Meriguet,44 Memorial Circle,Columbus,Ohio,23550,740-918-3131
1000312,Renie,Eve,2005 American Circle,Irving,Texas,56286,214-820-3273
1000313,Jesse,Chaim,94 Delladonna Lane,Asheville,North Carolina,54809,828-379-8475
1000314,Clywd,Birden,45 Crescent Oaks Lane,Norman,Oklahoma,28622,405-634-8153
1000315,Annabela,Whitby,91001 Hallows Parkway,Odessa,Texas,73970,432-200-3542
1000316,Ines,Crockett,76 Jackson Alley,Indianapolis,Indiana,48729,317-304-3544
1000317,Hill,MacLeese,16 North Road,Orange,California,45707,858-296-5539
1000318,Elton,Karpenko,934 Caliangt Avenue,Colorado Springs,Colorado,47852,719-988-5611
1000319,Donetta,Buttress,2 Ryan Place,Cincinnati,Ohio,42074,513-181-5392
1000320,Neysa,Arend,24 Milwaukee Park,Davenport,Iowa,87473,563-246-0846
1000321,Marten,Cooling,76217 Gale Parkway,Minneapolis,Minnesota,13178,952-923-2794
1000322,Karlis,Labat,476 Towne Trail,Rochester,New York,58700,585-691-8135
1000323,Olimpia,Tribe,6401 Sommers Parkway,Grand Rapids,Michigan,67922,616-636-1582
1000324,Krissy,Grey,2 Warner Pass,Houston,Texas,17786,713-356-6264
1000325,Johann,La Torre,3 Barnett Trail,Clearwater,Florida,89631,727-535-8962
1000326,Eugene,,398 Esch Center,Saint Louis,Missouri,19405,314-599-6568
1000327,Corney,Frye,2857 Graceland Parkway,Abilene,Texas,29726,325-448-6180
1000328,Lyssa,Getcliff,2172 Everett Pass,El Paso,Texas,89763,915-564-8715
1000329,Jo,Biasioli,192 Donald Street,Washington,District of Columbia,23743,202-513-8671
1000330,Terrye,Egdal,28645 Sunbrook Plaza,Austin,Texas,77155,512-905-8386
1000331,Nicolette,Sewards,1951 Spaight Crossing,Baltimore,Maryland,88723,410-891-0501
1000332,Penrod,Goodhew,1674 Grover Drive,Hamilton,Ohio,66465,937-686-5604
1000333,Arline,Pople,262 Northland Center,San Antonio,Texas,55439,210-413-4347
1000334,Garfield,Koche,6329 Sugar Crossing,Detroit,Michigan,16166,313-200-3333
1000335,Darlleen,Whorton,868 Lerdahl Trail,New York City,New York,65633,212-112-8210
1000336,Rea,O'Dennehy,3964 Sauthoff Plaza,Cincinnati,Ohio,45038,513-946-6702
1000337,Dalis,Toffoletto,1 Dennis Terrace,Memphis,Tennessee,41330,901-424-9781
1000338,Jamey,McEttigen,9 Sauthoff Terrace,San Jose,California,91837,408-997-2557
1000339,Natty,Innett,72 Sycamore Alley,El Paso,Texas,75178,915-763-5464
1000340,Ariela,Mance,94 Dapin Pass,Arlington,Virginia,32015,571-515-1297
1000341,Rand,Gorstidge,2619 Di Loreto Court,Shawnee Mission,Kansas,67730,913-876-1751
1000342,Emmalynn,Jozaitis,858 High Crossing Court,Albuquerque,New Mexico,66678,505-630-8682
1000343,Bill,Gutowska,3 Pleasure Park,Washington,District of Columbia,73749,202-305-1251
1000344,Sergei,Risley,307 Gina Pass,Mesa,Arizona,44260,480-861-0157
1000345,Babs,Scotti,39472 Fallview Drive,Denver,Colorado,76624,303-731-3565
1000346,Sigismund,Beckford,94519 4th Center,San Bernardino,California,19119,760-163-2931
1000347,Donnell,O'Kennavain,3134 New Castle Point,Peoria,Illinois,96251,309-923-7007
1000348,Loleta,Brandino,5 Graedel Crossing,Carol Stream,Illinois,99634,309-527-5818
1000349,Caralie,Wingeatt,74355 Sunnyside Junction,Boise,Idaho,96346,208-332-4502
1000350,Jaine,Applebee,647 Troy Court,Mountain View,California,11522,650-290-2160
1000351,Kaylil,Shuttell,96269 Gina Way,Norfolk,Virginia,91683,757-918-5417
1000352,Paolina,Eberst,64 Kensington Pass,Midland,Texas,67712,432-842-8768
1000353,Brandais,Rookwell,1260 Dahle Point,Santa Barbara,California,60430,805-187-0777
1000354,Brena,Webb-Bowen,6735 Burrows Junction,Harrisburg,Pennsylvania,80005,717-265-7313
1000355,Dickie,Corwood,903 Hollow Ridge Center,South Bend,Indiana,35063,574-128-6081
1000356,Garrot,Donkersley,755 Meadow Ridge Hill,San Antonio,Texas,91914,210-190-8921
1000357,Erwin,Green,33 Holy Cross Trail,Littleton,Colorado,44639,303-933-0798
1000358,Theressa,Ricciardo,71171 Burning Wood Court,Fort Lauderdale,Florida,40083,754-897-6697
1000359,Ethel,Pattington,34 Atwood Center,Torrance,California,44022,818-891-7210
1000360,Burch,Connechy,769 Sloan Drive,Washington,District of Columbia,92897,202-417-3044
1000361,Seumas,Dahlgren,9242 Quincy Junction,Chicago,Illinois,40704,312-200-8519
1000362,Nickolaus,Rainford,40228 Utah Alley,,Oklahoma,73002,405-999-7804
1000363,Ward,Clerke,1 Hallows Drive,New York City,New York,68675,718-449-5050
1000364,Tarrance,Leneve,79 Little Fleur Terrace,Columbus,Ohio,38443,614-455-9670
1000365,Nelly,Bruckental,47536 Pepper Wood Place,Carson City,Nevada,35729,775-762-1496
1000366,Nancy,Ivantyev,53996 Caliangt Center,Wichita,Kansas,69300,316-590-7504
1000367,Paquito,Gier,6765 Springview Crossing,Las Vegas,Nevada,20970,702-279-2329
1000368,Sargent,Coles,4143 Park Meadow Drive,San Antonio,Texas,14548,210-275-6697
1000369,Gloriana,Rehorek,681 Derek Trail,Cincinnati,Ohio,78108,513-839-6617
1000370,Derrick,Garbert,123 Farmco Circle,Boston,Massachusetts,20395,617-509-7693
1000371,Jania,Coppo,259 Main Terrace,Naples,Florida,34428,305-911-4929
1000372,Freddy,Parsonson,30 Independence Point,Sacramento,California,46334,916-624-8544
1000373,Jo-anne,McLenahan,9196 Jay Place,Saint Louis,Missouri,83306,636-423-3434
1000374,Lita,Matches,7861 Merry Street,Young America,Minnesota,52934,952-856-6476
1000375,Bernard,Lunk,20 Toban Avenue,Kansas City,Missouri,74312,816-365-1713
1000376,Natty,Boyington,40700 Cordelia Point,Jackson,Mississippi,34592,601-196-1552
1000377,Tallulah,Sains,63390 Ridgeview Trail,Baton Rouge,Louisiana,39852,225-929-1332
1000378,Ellene,Velez,2253 Eagle Crest Park,Pensacola,Florida,90921,850-577-1824
1000379,Brigid,Devinn,8424 Kenwood Street,San Jose,California,46097,408-626-7691
1000380,Stepha,Neilands,176 Washington Street,Sioux City,Iowa,17858,712-169-7700
1000381,Peadar,Dilke,5677 John Wall Terrace,Saint Louis,Missouri,25059,314-317-5688
1000382,Hendrik,Dipple,5565 Little Fleur Point,Charleston,West Virginia,77572,304-381-0174
1000383,Christian,Jukes,4137 Sunnyside Parkway,Phoenix,Arizona,96086,602-340-4236
1000384,Woody,Tomik,4580 Sloan Crossing,Springfield,Massachusetts,16897,413-460-6996
1000385,Bibby,Tilt,21 Gerald Parkway,Chicago,Illinois,62837,312-747-3555
1000386,Devlen,Piechnik,827 Commercial Road,Bronx,New York,98141,917-604-7489
1000387,Lynne,Adel,3001 Summit Plaza,Minneapolis,Minnesota,69267,952-322-5997
1000388,Bee,Mewitt,49 Prairie Rose Alley,Los Angeles,California,18499,213-219-2843
1000389,Maxy,,250 Dapin Trail,Portland,Oregon,23786,503-424-3690
1000390,Paulina,Skim,674 Mesta Plaza,Aurora,Colorado,97388,303-375-7512
1000391,Fred,Ridoutt,52 Summer Ridge Terrace,Pittsburgh,Pennsylvania,84090,412-481-0938
1000392,Xenia,Pudner,33623 Sherman Plaza,Bakersfield,California,17341,661-295-1622
1000393,Bessie,Greensall,316 Farmco Road,Erie,Pennsylvania,76746,814-761-4893
1000394,Katya,Mateev,45 Burrows Plaza,Alexandria,Virginia,64667,703-649-1303
1000395,Jarrid,des Remedios,764 Bartillon Circle,Washington,District of Columbia,75820,202-957-8901
1000396,Major,Halwell,31071 Waywood Lane,Wichita,Kansas,84850,316-555-6045
1000397,Bevin,Tapley,1894 Dayton Terrace,Nashville,Tennessee,85816,615-803-0688
1000398,Timi,Currey,6155 Rutledge Pass,Salt Lake City,Utah,84372,801-498-8712
1000399,Gav,Sannes,64 Melby Pass,Garland,Texas,84898,214-392-1730
1000400,Hortense,Coal,57084 Coolidge Hill,Louisville,Kentucky,95526,502-147-2663
1000401,Claudianus,Bonas,82742 Sherman Point,Tulsa,Oklahoma,86771,918-144-1918
1000402,Stacy,Greenhouse,717 Miller Trail,Saint Petersburg,Florida,96043,727-866-3572
1000403,Hallie,Embury,124 Mockingbird Center,Sioux City,Iowa,87357,712-711-0923
1000404,Skipper,Picot,9254 Continental Parkway,Juneau,Alaska,49013,907-614-0669
1000405,Marjory,Walhedd,56 Kedzie Hill,Winston Salem,North Carolina,89396,336-833-9644
1000406,Emlen,Schuelcke,70 Grover Drive,Washington,District of Columbia,62981,202-148-2143
1000407,Lela,Mooring,72864 Esker Avenue,Hialeah,Florida,38150,786-614-4081
1000408,Christopher,Ison,987 Fisk Circle,Houston,Texas,98102,713-431-4684
1000409,Xenia,Mance,8116 Jackson Point,Erie,Pennsylvania,26264,814-191-5451
1000410,Shoshana,Ranscombe,7628 Parkside Pass,Oklahoma City,Oklahoma,95643,405-187-7936
1000411,Pauly,Copas,63 Oak Valley Street,New York City,New York,17550,646-346-4318
1000412,Shoshanna,Tonry,2226 Clemons Alley,Texarkana,Texas,35459,903-410-1326
1000413,Jard,Gulliver,863 Canary Junction,New York City,New York,76507,646-897-3032
1000414,Hogan,Torpie,421 Westend Way,Saint Petersburg,Florida,55860,727-177-0160
1000415,Brion,Meltetal,73686 Pennsylvania Road,Tulsa,Oklahoma,43886,918-663-0848
1000416,Hillier,Rothert,1652 Dawn Street,Topeka,Kansas,29663,785-193-4405
1000417,Al,Grevatt,77 Crowley Court,Baton Rouge,Louisiana,93821,225-639-2650
1000418,Dewitt,McCreath,11 Morning Hill,Des Moines,Iowa,11219,515-260-1686
1000419,Emyle,Clixby,962 Fulton Lane,Irvine,California,20641,949-479-1498
1000420,Sauncho,Blann,1 Mayer Lane,Aurora,Illinois,84145,331-597-7551
1000421,Mycah,Breakwell,8130 Colorado Terrace,San Diego,California,30907,619-110-2244
1000422,Jeth,Dempsey,5883 Mallory Parkway,El Paso,Texas,97197,915-346-7077
1000423,Lorinda,Berney,36494 Kinsman Avenue,New York City,New York,36115,212-375-8764
1000424,Herc,Sanbroke,22 Hayes Junction,Vero Beach,Florida,67141,772-782-9911
1000425,Zedekiah,Varga,1038 Fremont Hill,Evansville,Indiana,20099,812-680-4612
1000426,Burgess,Elsdon,925 Brickson Park Center,Chicago,Illinois,37217,312-898-8056
1000427,Berty,Brundle,8190 Namekagon Circle,Brooklyn,New York,35962,718-931-1301
1000428,Cobbie,Justis,1951 Lillian Trail,New York City,New York,63957,212-652-0124
1000429,Derrik,Luetkemeyers,7488 Gateway Court,Hollywood,Florida,86924,954-510-8923
1000430,Wilden,Truett,1967 International Point,Memphis,Tennessee,93892,901-417-2564
1000431,Valene,Anscombe,1 Westend Plaza,Waterbury,Connecticut,31634,203-282-2394
1000432,Lucita,Rosengart,6811 Oxford Hill,Houston,Texas,38182,713-621-8512
1000433,Twila,Harvison,507 Kedzie Junction,Louisville,Kentucky,78280,502-254-7225
1000434,Faye,Glasspool,83 Eagle Crest Alley,Scranton,Pennsylvania,35994,570-748-4235
1000435,Carey,Arendt,         ,Houston,Texas,59154,832-910-2017
1000436,Webster,Lambole,6310 5th Lane,Grand Rapids,Michigan,49789,616-814-1671
1000437,Eden,Pieter,9479 Comanche Pass,Anniston,Alabama,24457,256-631-5478
1000438,Aurthur,Dincke,1970 Village Green Crossing,Waterbury,Connecticut,85570,203-886-2079
1000439,Sargent,Haughey,20 Pearson Center,Stockton,California,65114,209-398-7079
1000440,Harman,Kelk,920 Fieldstone Court,Vancouver,Washington,75544,360-943-0483
1000441,Brnaby,,6757 Rieder Way,Cleveland,Ohio,77367,216-641-1782
1000442,Freda,McConville,2012 Aberg Point,Denver,Colorado,78464,303-191-6125
1000443,Kristofor,Jakubovitch,97059 Lakewood Point,Oklahoma City,Oklahoma,36817,405-898-9645
1000444,Janina,Barradell,219 Spenser Alley,Houston,Texas,31641,713-919-2348
1000445,Leah,Balle,37 Independence Court,Falls Church,Virginia,46567,571-923-9689
1000446,Cathryn,Kitching,43544 Fallview Parkway,Olympia,Washington,93716,253-605-5662
1000447,Berty,Deluca,3473 Prentice Crossing,Chattanooga,Tennessee,47996,423-511-8917
1000448,Kayne,Terlinden,2288 Tony Center,Flint,Michigan,67827,810-716-8085
1000449,Dynah,Ceeley,9 Northport Avenue,Washington,District of Columbia,67335,202-898-6572
1000450,Thornie,Folbig,513 Pankratz Drive,Birmingham,Alabama,66860,205-314-1277
1000451,Joelly,Bygott,1589 Crescent Oaks Circle,El Paso,Texas,89763,915-887-6068
1000452,Barry,Bradburne,584 Talisman Terrace,Miami,Florida,96972,786-210-6776
1000453,Gaynor,Petrussi,763 Delladonna Place,Tucson,Arizona,82237,520-431-9344
1000454,Theresita,,62846 Talmadge Crossing,Phoenix,Arizona,96261,480-422-3545
1000455,Modestia,Matusovsky,808 Lukken Pass,Charlotte,North Carolina,77958,704-125-7494
1000456,Paulina,Nutman,79542 Old Gate Drive,Columbus,Ohio,93425,614-393-8433
1000457,Dunn,Gert,53470 Butterfield Place,Pittsburgh,Pennsylvania,33271,412-831-1203
1000458,Pamelina,Mustarde,1908 Onsgard Trail,Dallas,Texas,93469,972-346-6999
1000459,Care,Cove,16177 Union Pass,Tucson,Arizona,85817,520-566-9236
1000460,Rozanne,Ianiello,468 Canary Street,Brooklyn,New York,50024,347-249-4561
1000461,Ann-marie,Winsborrow,99080 Lake View Circle,Cincinnati,Ohio,32016,513-942-6347
1000462,Cirillo,Malone,3 Hintze Park,Cincinnati,Ohio,89902,513-536-1943
1000463,Verne,Iwanowicz,6694 4th Plaza,Baltimore,Maryland,34582,410-588-1693
1000464,Paolo,Mattussevich,860 Starling Crossing,San Luis Obispo,California,26474,805-833-0874
1000465,Carlina,Lympenie,91534 Larry Lane,Chicago,Illinois,14836,312-539-5856
1000466,Suellen,Chatin,254 Duke Court,Lafayette,Indiana,56089,765-254-4657
1000467,Doreen,Grcic,30268 Orin Street,Panama City,Florida,49238,850-392-3899
1000468,Karole,Bouskill,313 West Center,Fort Wayne,Indiana,75407,260-569-2683
1000469,Sydney,Golds,59566 Mayer Drive,Little Rock,Arkansas,17774,501-405-3619
1000470,Freeman,Barbisch,4 Elgar Hill,Fresno,California,70223,559-140-2136
1000471,Lida,Lealle,451 Hoard Lane,Orlando,Florida,84952,321-235-9686
1000472,Bendick,Hrachovec,70622 Arkansas Place,Oakland,California,93620,510-791-5192
1000473,Erl,Minty,228 Dorton Way,Harrisburg,Pennsylvania,99191,717-382-9583
1000474,Helge,Wedderburn,657 Sauthoff Point,Washington,District of Columbia,98720,202-942-3587
1000475,Jdavie,Waggett,2835 Lillian Park,Lynn,Massachusetts,75223,781-855-6622
1000476,Coraline,Size,335 Arrowood Hill,Fort Wayne,Indiana,37707,260-645-9816
1000477,Derril,Raper,6360 Memorial Place,El Paso,Texas,70267,915-913-4941
1000478,Waneta,Rennicks,303 Lakeland Avenue,Davenport,Iowa,48205,563-350-9970
1000479,Steffen,Mulvey,29 Brickson Park Plaza,New York City,New York,27042,347-404-2942
1000480,Haily,Stubbings,60 Annamark Alley,Dallas,Texas,33242,214-424-9656
1000481,Les,Skelding,4244 Melvin Circle,Pensacola,Florida,28785,850-114-4375
1000482,Claudius,Buckoke,99228 Clarendon Center,Flushing,New York,81420,347-753-2374
1000483,Brandi,McEnery,665 Fulton Junction,Fort Pierce,Florida,75689,772-365-4478
1000484,Mechelle,Barensen,79 John Wall Place,Roanoke,Virginia,36638,540-307-1462
1000485,Jemima,Starking,279 Holmberg Lane,Philadelphia,Pennsylvania,93886,215-284-3721
1000486,Bernie,Merrigan,43535 Walton Parkway,Charleston,West Virginia,43692,304-717-7298
1000487,Cordy,Linke,3346 Morrow Trail,Charleston,South Carolina,53896,843-911-5756
1000488,Leroi,Lowdyane,84801 Walton Alley,Long Beach,California,31882,562-892-2351
1000489,Debora,Korting,180 Elmside Center,Fort Lauderdale,Florida,89522,954-464-5495
1000490,Augie,Von Welldun,30052 Havey Junction,Louisville,Kentucky,66567,502-366-3654
1000491,Kassia,Blazeby,70 Ohio Trail,Richmond,Virginia,53297,804-169-3955
1000492,Derby,Rydings,789 Sloan Place,San Francisco,California,36827,415-472-1864
1000493,Devland,Lackmann,69109 Gerald Crossing,Austin,Texas,50531,512-909-8710
1000494,Adela,Boch,23 American Ash Pass,Roanoke,Virginia,51496,540-162-6165
1000495,Eddy,Schutter,9 Haas Center,Boise,Idaho,79405,208-549-9325
1000496,Orel,Machan,651 Arapahoe Lane,Milwaukee,Wisconsin,20952,414-895-2573
1000497,Latisha,Brandi,94440 Southridge Parkway,Birmingham,Alabama,99626,205-774-0635
1000498,Teressa,Hatcher,36 Summit Park,Cincinnati,Ohio,55836,513-142-0795
1000499,Tomaso,Osant,913 Eggendart Terrace,Sacramento,California,25149,916-583-4102
1000500,Adriano,Cawthorn,4 Dexter Circle,Chattanooga,Tennessee,19510,423-796-9846
